dci_normalized,aliases,max_daily_dose_mg,typical_duration_days_min,typical_duration_days_max,allowed_forms,source,reviewed_by
amoxicilline,amoxicilline;clamoxyl;amoxil,3000,5,10,gelule;comprime;sirop,"Notice RCP standard (ordre de grandeur public)",
amoxicilline acide clavulanique,augmentin;curam;ciblor,3000,5,10,comprime;sirop,"Notice RCP standard (composant amoxicilline)",
paracetamol,paracetamol;doliprane;efferalgan;dolirex;perfalgan;dafalgan,4000,,,comprime;gelule;sirop;suppositoire,"Notice RCP standard (adulte)",
ibuprofene,ibuprofene;advil;nurofen,1200,,10,comprime;gelule;sirop,"Notice RCP standard (automedication, adulte)",
aspirine,aspirine;aspegic;kardegic,3000,,10,comprime,"Notice RCP standard (antalgique, adulte)",
doxycycline,doxycycline;doxypror;vibramycine,200,7,14,gelule;comprime,"Notice RCP standard",
metronidazole,metronidazole;flagyl,2000,5,10,comprime;injectable,"Notice RCP standard",
albendazole,albendazole;zentel,800,1,3,comprime,"Notice RCP standard (regimes courts frequents)",
azithromycine,azithromycine;zithromax,500,3,5,comprime;sachet,"Notice RCP standard",
ciprofloxacine,ciprofloxacine;ciflox,1500,5,14,comprime;injectable,"Notice RCP standard",
omeprazole,omeprazole;mopral,40,,56,gelule,"Notice RCP standard (dose standard, hors indications specifiques)",
phenobarbital,phenobarbital;gardenal,200,,,comprime,"Notice RCP standard (traitement au long cours frequent : duree non plafonnee)",
diazepam,diazepam;valium,30,,28,comprime;injectable,"Notice RCP standard (duree limitee recommandee, risque de dependance)",
haloperidol,haloperidol;haldol,20,,,comprime;gouttes;injectable,"Notice RCP standard (hors contexte hospitalier specialise)",
clonazepam,clonazepam;rivotril,20,,,comprime;gouttes,"Notice RCP standard (tres variable selon indication, seuil large)",
trihexyphenidyle,trihexyphenidyle;artane,15,,,comprime,"Notice RCP standard",
celecoxib,celecoxib;celebrex,400,,,gelule,"Notice RCP standard",
fentanyl,fentanyl,2.4,,,comprime;dispositif transmuqueux,"Notice RCP standard (formes transmuqueuses ; patch transdermique exclu, unite differente)",
